TGen_Subject_Name	Sample_ID	Subject_ID	Sample_number	Sex	Group	RIN	Mouse ID	Lane_Name
CB_M9	M9_SALINE	M9	1	M	SALINE	9.2	CB_1wk_50	CB_M9_1_BR_SALINE_C1_WGMRS_A40800_232CW2LT4_TCGAAGTCAA_L005
CB_F9	F9_MTXLEUC	F9	2	F	LEUC	8.7	CB_1wk_19	CB_F9_1_BR_LEUC_C1_WGMRS_A40801_232CW2LT4_CGAGGCCTAT_L005
CB_F1	F1_MTX	F1	3	F	MTX	8.8	CB_1wk_27	CB_F1_1_BR_MTX_C1_WGMRS_A40802_232CW2LT4_TCCTGAAGTG_L005
CB_F6	F6_SALINE	F6	4	F	SALINE	8.7	CB_1wk_13	CB_F6_1_BR_SALINE_C1_WGMRS_A40803_232CW2LT4_AATCCTTACC_L005
CB_M6	M6_LEUC	M6	5	M	LEUC	9.2	CB_1wk_68	CB_M6_1_BR_LEUC_C1_WGMRS_A40804_232CW2LT4_TTGTTGCAGA_L005
CB_M1	M10_SALINE	M1	6	M	SALINE	9	CB_1wk_66	CB_M1_1_BR_SALINE_C1_WGMRS_A40805_232CW2LT4_AATCTAGGCC_L005
CB_F4	F4_MTX	F4	7	F	MTX	8.9	CB_1wk_30	CB_F4_1_BR_MTX_C1_WGMRS_A40806_232CW2LT4_GGCTCTACTG_L005
CB_F2	F2_MTXLEUC	F2	8	F	MTXLEUC	9.1	CB_1wk_7	CB_F2_1_BR_MTXLEUC_C1_WGMRS_A40807_232CW2LT4_GTCCACGTTG_L005
CB_M1	M11_MTXLEUC	M1	9	M	MTXLEUC	9	CB_1wk_67	CB_M1_1_BR_MTXLEUC_C2_WGMRS_A40808_232CW2LT4_CTCCGCAGTT_L005
CB_M5	M5_SALINE	M5	10	M	SALINE	9.2	CB_1wk_40	CB_M5_1_BR_SALINE_C1_WGMRS_A40809_232CW2LT4_AGAACAGTGA_L005
CB_M7	M7_MTX	M7	11	M	MTX	9.2	CB_1wk_70	CB_M7_1_BR_MTX_C1_WGMRS_A40810_232CW2LT4_GCTCTTATTG_L005
CB_M8	M8_MTXLEUC	M8	12	M	MTXLEUC	8.9	CB_1wk_53	CB_M8_1_BR_MTXLEUC_C1_WGMRS_A40811_232CW2LT4_TGTAGACGAA_L005
CB_F7	F7_MTXLEUC	F7	13	F	MTXLEUC	8.8	CB_1wk_17	CB_F7_1_BR_MTXLEUC_C1_WGMRS_A40812_232CW2LT4_CTTGTCGTCG_L005
CB_M1	M1_MTXLEUC	M1	14	M	MTXLEUC	8.8	CB_1wk_41	CB_M1_1_BR_MTXLEUC_C3_WGMRS_A40813_232CW2LT4_TCGTCTTACA_L005
CB_M2	M2_LEUC	M2	15	M	LEUC	8.9	CB_1wk_57	CB_M2_1_BR_LEUC_C1_WGMRS_A40814_232CW2LT4_GAGAGGAGGA_L005
CB_M2	M2_SALINE	M2	16	M	SALINE	8.9	CB_1wk_37	CB_M2_1_BR_SALINE_C2_WGMRS_A40815_232CW2LT4_GTTAGATACC_L005
CB_M1	M1_LEUC	M1	17	M	LEUC	8.9	CB_1wk_56	CB_M1_1_BR_LEUC_C4_WGMRS_A40816_232CW2LT4_GGCTTAAGAA_L005
CB_F4	F4_LEUC	F4	18	F	LEUC	9.2	CB_1wk_24	CB_F4_1_BR_LEUC_C2_WGMRS_A40817_232CW2LT4_TCTGGTACAA_L005
CB_M3	M3_MTXLEUC	M3	19	M	MTXLEUC	8.8	CB_1wk_43	CB_M3_1_BR_MTXLEUC_C1_WGMRS_A40818_232CW2LT4_GTGAATTCGG_L005
CB_F6	F6_MTXLEUC	F6	20	F	MTXLEUC	8.9	CB_1wk_16	CB_F6_1_BR_MTXLEUC_C2_WGMRS_A40819_232CW2LT4_GAATGGAGAA_L005
CB_F3	F3_LEUC	F3	21	F	LEUC	8.8	CB_1wk_23	CB_F3_1_BR_LEUC_C1_WGMRS_A40820_232CW2LT4_AGTCAATTGG_L005
CB_F3	F3_MTXLEUC	F3	22	F	MTXLEUC	8.9	CB_1wk_8	CB_F3_1_BR_MTXLEUC_C2_WGMRS_A40821_232CW2LT4_CGCATCACCT_L005
CB_F8	F8_SALINE	F8	23	F	SALINE	9	CB_1wk_15	CB_F8_1_BR_SALINE_C1_WGMRS_A40822_232CW2LT4_TATTGACACC_L005
CB_F1	F10_MTXLEUC	F1	24	F	MTXLEUC	8.7	CB_1wk_20	CB_F1_1_BR_MTXLEUC_C2_WGMRS_A40823_232CW2LT4_AGACTGTCGG_L005
CB_F4	F4_SALINE	F4	25	F	SALINE	8.9	CB_1wk_4	CB_F4_1_BR_SALINE_C3_WGMRS_A40824_232CW2LT4_ATCTGGACTC_L005
CB_F1	F1_MTXLEUC	F1	26	F	MTXLEUC	9	CB_1wk_6	CB_F1_1_BR_MTXLEUC_C3_WGMRS_A40825_232CW2LT4_GAGAATAAGG_L005
CB_F1	F1_SALINE	F1	27	F	SALINE	8.8	CB_1wk_1	CB_F1_1_BR_SALINE_C4_WGMRS_A40826_232CW2LT4_TGTTGTCGCC_L005
CB_F5	F5_MTXLEUC	F5	28	F	MTXLEUC	8.9	CB_1wk_10	CB_F5_1_BR_MTXLEUC_C1_WGMRS_A40827_232CW2LT4_CTGCGGTGTT_L005
CB_F7	F7_SALINE	F7	29	F	SALINE	8.8	CB_1wk_14	CB_F7_1_BR_SALINE_C2_WGMRS_A40828_232CW2LT4_GATAACTCCG_L005
CB_M5	M5_MTX	M5	30	M	MTX	9.1	CB_1wk_65	CB_M5_1_BR_MTX_C2_WGMRS_A40829_232CW2LT4_ATCCTTGTAC_L005
CB_M3	M3_SALINE	M3	31	M	SALINE	8.4	CB_1wk_38	CB_M3_1_BR_SALINE_C2_WGMRS_A40830_232CW2LT4_TACGCGTATA_L005
CB_M3	M3_LEUC	M3	32	M	LEUC	8.8	CB_1wk_58	CB_M3_1_BR_LEUC_C3_WGMRS_A40831_232CW2LT4_CCACCAATTG_L005
CB_F8	F8_MTXLEUC	F8	33	F	MTXLEUC	8.7	CB_1wk_18	CB_F8_1_BR_MTXLEUC_C2_WGMRS_A40832_232CW2LT4_TGTGAAGGCC_L005
CB_M8	M8_SALINE	M8	34	M	SALINE	8.8	CB_1wk_48	CB_M8_1_BR_SALINE_C2_WGMRS_A40833_232CW2LT4_CCTTGACTGC_L005
CB_F2	F2_LEUC	F2	35	F	LEUC	8.8	CB_1wk_22	CB_F2_1_BR_LEUC_C2_WGMRS_A40834_232CW2LT4_AATGCGTCGG_L005
CB_M6	M6_SALINE	M6	36	M	SALINE	9.2	CB_1wk_46	CB_M6_1_BR_SALINE_C2_WGMRS_A40835_232CW2LT4_AAGACTACAC_L005
CB_M6	M6_MTX	M6	37	M	MTX	8.8	CB_1wk_69	CB_M6_1_BR_MTX_C3_WGMRS_A40836_232CW2LT4_GTCAGTGCAG_L005
CB_M2	M2_MTX	M2	38	M	MTX	8.9	CB_1wk_62	CB_M2_1_BR_MTX_C3_WGMRS_A40837_232CW2LT4_CTCACCAGAA_L005
CB_M2	M2_MTXLEUC	M2	39	M	MTXLEUC	8.8	CB_1wk_42	CB_M2_1_BR_MTXLEUC_C4_WGMRS_A40838_232CW2LT4_TCTCGTACTT_L005
CB_M7	M7_SALINE	M7	40	M	SALINE	9	CB_1wk_47	CB_M7_1_BR_SALINE_C2_WGMRS_A40839_232CW2LT4_TCAGATTAGG_L005
CB_F6	F6_LEUC	F6	41	F	LEUC	9.1	CB_1wk_33	CB_F6_1_BR_LEUC_C3_WGMRS_A40994_232CW2LT4_CACAAGATCC_L005
CB_F5	F5_MTX	F5	42	F	MTX	8.9	CB_1wk_34	CB_F5_1_BR_MTX_C2_WGMRS_A40995_232CW2LT4_CTGCTAGCTG_L005
CB_F1	F11_MTXLEUC	F1	43	F	MTXLEUC	8.9	CB_1wk_32	CB_F1_1_BR_MTXLEUC_C5_WGMRS_A40996_232CW2LT4_ACCGGTCGAA_L005
CB_F2	F2_SALINE	F2	44	F	SALINE	9.2	CB_1wk_2	CB_F2_1_BR_SALINE_C3_WGMRS_A40997_232CW2LT4_GCACGTTCTA_L005
CB_F4	F4_MTXLEUC	F4	45	F	LEUC	8.8	CB_1wk_9	CB_F4_1_BR_LEUC_C4_WGMRS_A40998_232CW2LT4_AAGGAAGGAA_L005
CB_M7	M7_MTXLEUC	M7	46	M	LEUC	8.6	CB_1wk_52	CB_M7_1_BR_LEUC_C3_WGMRS_A40999_232CW2LT4_AGAGAGATAG_L005
CB_M3	M3_MTX	M3	47	M	MTX	8.7	CB_1wk_63	CB_M3_1_BR_MTX_C4_WGMRS_A41000_232CW2LT4_GGTTCCTATT_L005
CB_F3	F3_MTX	F3	48	F	MTX	8.8	CB_1wk_29	CB_F3_1_BR_MTX_C3_WGMRS_A41001_232CW2LT4_TTCACGAGCG_L005
CB_M6	M6_MTXLEUC	M6	49	M	MTXLEUC	8.7	CB_1wk_51	CB_M6_1_BR_MTXLEUC_C4_WGMRS_A41002_232CW2LT4_GGCACAACCT_L005
CB_M4	M4_SALINE	M4	50	M	SALINE	8.8	CB_1wk_39	CB_M4_1_BR_SALINE_C1_WGMRS_A41003_232CW2LT4_TGACTCAGAA_L005
CB_M5	M5_MTXLEUC	M5	51	M	MTXLEUC	8.7	CB_1wk_45	CB_M5_1_BR_MTXLEUC_C3_WGMRS_A41004_232CW2LT4_CGATCTCAGG_L005
CB_M4	M4_MTX	M4	52	M	MTX	8.9	CB_1wk_64	CB_M4_1_BR_MTX_C2_WGMRS_A41005_232CW2LT4_CCTGCTGGAA_L005
CB_M4	M4_LEUC	M4	53	M	LEUC	9	CB_1wk_59	CB_M4_1_BR_LEUC_C3_WGMRS_A41006_232CW2LT4_GAGCTGTATA_L005
CB_F6	F6_MTX	F6	54	F	MTX	8.9	CB_1wk_35	CB_F6_1_BR_MTX_C4_WGMRS_A41007_232CW2LT4_AACCTGACGG_L005
CB_M1	M1_SALINE	M1	55	M	SALINE	8.8	CB_1wk_36	CB_M1_1_BR_SALINE_C5_WGMRS_A41008_232CW2LT4_AAGCTCGTGG_L005
CB_F1	F1_LEUC	F1	56	F	LEUC	8.9	CB_1wk_21	CB_F1_1_BR_LEUC_C6_WGMRS_A41009_232CW2LT4_GTCCAAGCTC_L005
CB_M1	M10_MTXLEUC	M1	57	M	MTXLEUC	9	CB_1wk_55	CB_M1_1_BR_MTXLEUC_C6_WGMRS_A41010_232CW2LT4_CTAGACTTCG_L005
CB_M1	M1_MTX	M1	58	M	MTX	9	CB_1wk_61	CB_M1_1_BR_MTX_C7_WGMRS_A41011_232CW2LT4_TCCAAGGTAA_L005
CB_F2	F2_MTX	F2	59	F	MTX	8.8	CB_1wk_28	CB_F2_1_BR_MTX_C4_WGMRS_A41012_232CW2LT4_CTTGGTAGCA_L005
CB_F5	F5_LEUC	F5	60	F	LEUC	9.1	CB_1wk_25	CB_F5_1_BR_LEUC_C3_WGMRS_A41013_232CW2LT4_AACGAGGCGT_L005
CB_M5	M5_LEUC	M5	61	M	LEUC	8.8	CB_1wk_60	CB_M5_1_BR_LEUC_C4_WGMRS_A41014_232CW2LT4_CAGAAGATGG_L005
CB_F3	F3_SALINE	F3	62	F	SALINE	9.3	CB_1wk_3	CB_F3_1_BR_SALINE_C4_WGMRS_A41015_232CW2LT4_TGATACATCC_L005
CB_M4	M4_MTXLEUC	M4	63	M	MTXLEUC	8.8	CB_1wk_44	CB_M4_1_BR_MTXLEUC_C4_WGMRS_A41016_232CW2LT4_GCGCGTAGTT_L005
CB_M9	M9_MTXLEUC	M9	64	M	MTXLEUC	9	CB_1wk_54	CB_M9_1_BR_MTXLEUC_C2_WGMRS_A41017_232CW2LT4_GTTGTCTGCG_L005
CB_F9	F9_SALINE	F9	65	F	SALINE	9	CB_1wk_31	CB_F9_1_BR_SALINE_C2_WGMRS_A41018_232CW2LT4_CTTAGCGCTG_L005
CB_F5	F5_SALINE	F5	66	F	SALINE	8.9	CB_1wk_5	CB_F5_1_BR_SALINE_C4_WGMRS_A41019_232CW2LT4_ATCAGCCTCC_L005
